Player,Tm,Salary,Cap Hit
Mikko Rantanen,COL,"10,000,000","9,250,000"
Jack Eichel,VEG,"10,000,000","10,000,000"
Blake Wheeler,WPG,"10,000,000","8,250,000"
Jeff Skinner,BUF,"10,000,000","9,000,000"
Vladimir Tarasenko,STL,"9,500,000","7,500,000"
Oliver Ekman-Larsson,VAN,"9,240,000","7,260,000"
Justin Faulk,STL,"9,000,000","6,500,000"
Sidney Crosby,PIT,"9,000,000","8,700,000"
Anders Lee,NYI,"9,000,000","7,000,000"
Kevin Hayes,PHI,"9,000,000","7,142,857"
Brayden Point,TBL,"9,000,000","6,750,000"
Matthew Tkachuk,CGY,"9,000,000","7,000,000"
Ryan McDonagh,TBL,"8,400,000","6,750,000"
Cale Makar,COL,"8,000,000","9,000,000"
Joe Pavelski,DAL,"8,000,000","7,000,000"
Brayden Schenn,STL,"8,000,000","6,500,000"
Ryan Johansen,NSH,"8,000,000","8,000,000"
Anze Kopitar,LAK,"8,000,000","10,000,000"
Brock Nelson,NYI,"8,000,000","6,000,000"
Leon Draisaitl,EDM,"8,000,000","8,500,000"
Victor Hedman,TBL,"8,000,000","7,875,000"
"Morrissey, Joshua",WPG,"8,000,000","6,250,000"
Aleksander Barkov,FLA,"7,750,000","5,900,000"
Mats Zuccarello,MIN,"7,500,000","6,000,000"
Jakub Voracek,CBJ,"7,500,000","8,250,000"
Patrik Laine,CBJ,"7,500,000","7,500,000"
Brock Boeser,VAN,"7,500,000","5,875,000"
Kyle Connor,WPG,"7,500,000","7,142,857"
Connor Hellebuyck,WPG,"7,500,000","6,166,666"
"Dumba, Matt",MIN,"7,400,000","6,000,000"
Charlie McAvoy,BOS,"7,300,000","4,900,000"
Nico Hischier,NJD,"7,250,000","7,250,000"
Marc-Edouard Vlasic,SJS,"7,250,000","7,000,000"
Kris Letang,PIT,"7,250,000","7,250,000"
William Karlsson,VEG,"7,100,000","5,900,000"
Clayton Keller,ARI,"7,000,000","7,150,000"
Jake Guentzel,PIT,"7,000,000","6,000,000"
Mathew Barzal,NYI,"7,000,000","7,000,000"
"Werenski, Zachary",CBJ,"7,000,000","5,000,000"
Nathan MacKinnon,COL,"6,850,000","6,300,000"
David Pastrnak,BOS,"6,800,000","6,666,667"
Dylan Larkin,DET,"6,750,000","6,100,000"
Mark Scheifele,WPG,"6,750,000","6,125,000"
Johnny Gaudreau,CGY,"6,750,000","6,750,000"
Pierre-Luc Dubois,WPG,"6,650,000","5,000,000"
Nikolaj Ehlers,WPG,"6,500,000","6,000,000"
Jean-Gabriel Pageau,NYI,"6,500,000","5,000,000"
John Gibson,ANA,"6,400,000","6,400,000"
Vincent Trocheck,CAR,"6,250,000","4,750,000"
Cam Fowler,ANA,"6,250,000","6,500,000"
Player,Tm,Salary,Cap Hit
Jason Zucker,PIT,"6,250,000","5,500,000"
Jesperi Kotkaniemi,CAR,"6,100,015","6,100,035"
Gabriel Landeskog,COL,"6,000,000","7,000,000"
Erik Johnson,COL,"6,000,000","6,000,000"
Logan Couture,SJS,"6,000,000","8,000,000"
John Klingberg,DAL,"6,000,000","4,250,000"
Jordan Staal,CAR,"6,000,000","6,000,000"
Jaccob Slavin,CAR,"6,000,000","5,300,000"
Filip Forsberg,NSH,"6,000,000","6,000,000"
Gustav Nyquist,CBJ,"6,000,000","5,500,000"
J.T. Miller,VAN,"6,000,000","5,250,000"
Nate Schmidt,WPG,"6,000,000","5,950,000"
Semyon Varlamov,NYI,"6,000,000","5,000,000"
James van Riemsdyk,PHI,"6,000,000","7,000,000"
Charlie Coyle,BOS,"6,000,000","5,250,000"
Sergei Bobrovsky,FLA,"6,000,000","10,000,000"
Teuvo Teravainen,CAR,"5,875,000","5,400,000"
Elias Lindholm,CGY,"5,850,000","4,850,000"
Adam Henrique,ANA,"5,825,000","5,825,000"
Bo Horvat,VAN,"5,775,000","5,500,000"
Adam Pelech,NYI,"5,750,000","5,750,000"
Colton Parayko,STL,"5,625,000","5,500,000"
Darnell Nurse,EDM,"5,600,000","5,600,000"
Erik Karlsson,SJS,"5,500,000","11,500,000"
Tyler Johnson,CHI,"5,500,000","5,000,000"
"Tanev, Christopher",CGY,"5,500,000","4,500,000"
Nino Niederreiter,CAR,"5,475,000","5,250,000"
Andre Burakovsky,COL,"5,400,000","4,900,000"
Seth Jones,CHI,"5,400,000","5,400,000"
Calvin de Haan,CHI,"5,400,000","4,550,000"
Rasmus Ristolainen,PHI,"5,400,000","5,400,000"
Mikael Backlund,CGY,"5,350,000","5,350,000"
Jakob Chychrun,ARI,"5,300,000","4,600,000"
Anthony Mantha,WSH,"5,300,000","5,700,000"
Ondrej Palat,TBL,"5,300,000","5,300,000"
Patric Hornqvist,FLA,"5,300,000","5,300,000"
Cam Atkinson,PHI,"5,275,000","5,875,000"
Travis Konecny,PHI,"5,250,000","5,500,000"
Shea Theodore,VEG,"5,200,000","5,200,000"
Ryan Pulock,NYI,"5,160,000","5,000,000"
Tyler Toffoli,CGY,"5,125,000","4,250,000"
Kevin Fiala,MIN,"5,100,000","5,100,000"
Alex DeBrincat,CHI,"5,100,000","6,400,000"
Christian Dvorak,MTL,"5,075,000","4,450,000"
Damon Severson,NJD,"5,050,000","4,166,666"
Kirill Kaprizov,MIN,"5,000,000","9,000,000"
Jared Spurgeon,MIN,"5,000,000","7,575,000"
Alex Goligoski,MIN,"5,000,000","5,000,000"
Nick Schmaltz,ARI,"5,000,000","5,850,000"
Brendan Gallagher,MTL,"5,000,000","6,500,000"
Player,Tm,Salary,Cap Hit
Jeff Petry,MTL,"5,000,000","6,250,000"
Samuel Girard,COL,"5,000,000","5,000,000"
Tyler Seguin,DAL,"5,000,000","9,850,000"
Esa Lindell,DAL,"5,000,000","5,800,000"
Matt Duchene,NSH,"5,000,000","8,000,000"
Mattias Ekholm,NSH,"5,000,000","3,750,000"
Elvis Merzlikins,CBJ,"5,000,000","4,000,000"
Jonathan Marchessault,VEG,"5,000,000","5,000,000"
Robin Lehner,VEG,"5,000,000","5,000,000"
Ryan Strome,NYR,"5,000,000","4,500,000"
Nicklas Backstrom,WSH,"5,000,000","9,200,000"
Justin Schultz,WSH,"5,000,000","4,000,000"
Kyle Palmieri,NYI,"5,000,000","5,000,000"
Josh Bailey,NYI,"5,000,000","5,000,000"
Ryan Nugent-Hopkins,EDM,"5,000,000","5,125,000"
"Dadonov, Evgeni",VEG,"5,000,000","5,000,000"
"Matheson, Michael",PIT,"5,000,000","4,875,000"
"Brodie, TJ",TOR,"5,000,000","5,000,000"
Noah Hanifin,CGY,"4,950,000","4,950,000"
Jake DeBrusk,BOS,"4,850,000","3,675,000"
Colin White,OTT,"4,750,000","4,750,000"
Jakub Vrana,DET,"4,750,000","5,250,000"
Mika Zibanejad,NYR,"4,750,000","5,350,000"
Alex Tuch,BUF,"4,750,000","4,750,000"
Nikita Zaitsev,OTT,"4,500,000","4,500,000"
Anton Stralman,ARI,"4,500,000","5,500,000"
J.T. Compher,COL,"4,500,000","3,500,000"
Pavel Buchnevich,STL,"4,500,000","5,800,000"
Brandon Saad,STL,"4,500,000","4,500,000"
Oliver Bjorkstrand,CBJ,"4,500,000","5,400,000"
Danny DeKeyser,DET,"4,500,000","5,000,000"
Evgeni Malkin,PIT,"4,500,000","9,500,000"
Mikko Koskinen,EDM,"4,500,000","4,500,000"
Taylor Hall,BOS,"4,500,000","6,000,000"
Alex Killorn,TBL,"4,450,000","4,450,000"
Brady Skjei,CAR,"4,400,000","5,250,000"
Thomas Greiss,DET,"4,400,000","3,600,000"
Darcy Kuemper,COL,"4,277,778","3,500,000"
Kevin Shattenkirk,ANA,"4,250,000","3,900,000"
Alec Martinez,VEG,"4,250,000","5,250,000"
Viktor Arvidsson,LAK,"4,250,000","4,250,000"
Tyler Bertuzzi,DET,"4,250,000","4,750,000"
Chris Tierney,OTT,"4,200,000","3,500,000"
Anthony Beauvillier,NYI,"4,150,000","4,150,000"
Ivan Provorov,PHI,"4,125,000","6,750,000"
Brian Dumoulin,PIT,"4,100,000","4,100,000"
Rasmus Andersson,CGY,"4,050,000","4,550,000"
Marcus Pettersson,PIT,"4,025,175","4,025,175"
Brett Pesce,CAR,"4,025,000","4,025,000"
Brady Tkachuk,OTT,"4,000,000","8,330,674"
Player,Tm,Salary,Cap Hit
Connor Brown,OTT,"4,000,000","3,600,000"
Jonas Brodin,MIN,"4,000,000","6,000,000"
Cam Talbot,MIN,"4,000,000","3,666,667"
Josh Anderson,MTL,"4,000,000","5,500,000"
Paul Byron,MTL,"4,000,000","3,400,000"
Timo Meier,SJS,"4,000,000","6,000,000"
Brent Burns,SJS,"4,000,000","8,000,000"
Frederik Andersen,CAR,"4,000,000","4,500,000"
Torey Krug,STL,"4,000,000","6,500,000"
Jordan Binnington,STL,"4,000,000","6,000,000"
Mikael Granlund,NSH,"4,000,000","5,000,000"
Juuse Saros,NSH,"4,000,000","5,000,000"
Quinn Hughes,VAN,"4,000,000","7,850,000"
Dominik Kubalík,CHI,"4,000,000","3,700,000"
Ilya Sorokin,NYI,"4,000,000","4,000,000"
Travis Sanheim,PHI,"4,000,000","4,675,000"
Matt Grzelcyk,BOS,"4,000,000","3,687,500"
Jacob Markstrom,CGY,"4,000,000","6,000,000"
Colin Miller,BUF,"3,875,000","3,875,000"
Nick Foligno,BOS,"3,800,000","3,800,000"
Conor Garland,VAN,"3,750,000","4,950,000"
Paul Stastny,WPG,"3,750,000","3,750,000"
Nikita Zadorov,CGY,"3,750,000","3,750,000"
Colton Sissons,NSH,"3,650,000","2,857,143"
Andrew Copp,NYR,"3,640,000","3,640,000"
Dylan Strome,CHI,"3,600,000","3,000,000"
Devon Toews,COL,"3,550,000","4,100,000"
Marco Scandella,STL,"3,550,000","3,275,000"
Miles Wood,NJD,"3,500,000","2,750,000"
Mike Hoffman,MTL,"3,500,000","4,500,000"
Tomas Hertl,SJS,"3,500,000","5,625,000"
Nick Leddy,STL,"3,500,000","2,750,000"
Alex Iafallo,LAK,"3,500,000","4,000,000"
Oskar Sundqvist,DET,"3,500,000","2,750,000"
Chris Kreider,NYR,"3,500,000","6,500,000"
Neal Pionk,WPG,"3,500,000","5,875,000"
Bryan Rust,PIT,"3,500,000","3,500,000"
Tristan Jarry,PIT,"3,500,000","3,500,000"
Tyson Barrie,EDM,"3,500,000","4,500,000"
Linus Ullmark,BOS,"3,500,000","5,000,000"
Nikita Kucherov,TBL,"3,500,000","9,500,000"
Jesper Bratt,NJD,"3,450,000","2,750,000"
David Perron,STL,"3,412,500","4,000,000"
Joonas Korpisalo,CBJ,"3,400,000","2,800,000"
Patrice Bergeron,BOS,"3,375,000","6,875,000"
Hampus Lindholm,BOS,"3,375,000","2,602,778"
Mark Giordano,TOR,"3,375,000","3,375,000"
Olli Maatta,LAK,"3,333,361","3,333,225"
Anthony Cirelli,TBL,"3,300,000","4,800,000"
Mikhail Sergachev,TBL,"3,300,000","4,800,000"
Player,Tm,Salary,Cap Hit
Jonathan Huberdeau,FLA,"3,300,000","5,900,000"
Victor Olofsson,BUF,"3,250,000","3,050,000"
Carter Hart,PHI,"3,200,000","3,979,000"
Will Butcher,BUF,"3,100,000","2,822,764"
Tom Wilson,WSH,"3,100,000","5,166,666"
Chandler Stephenson,VEG,"3,025,000","2,750,000"
Pavel Zacha,NJD,"3,000,000","2,250,000"
Ryan Graves,NJD,"3,000,000","3,166,667"
Joel Eriksson Ek,MIN,"3,000,000","5,250,000"
Marc-Andre Fleury,MIN,"3,000,000","3,500,000"
Loui Eriksson,ARI,"3,000,000","6,000,000"
Radek Faksa,DAL,"3,000,000","3,250,000"
Roope Hintz,DAL,"3,000,000","3,150,000"
Ryan Getzlaf,ANA,"3,000,000","3,000,000"
Elias Pettersson,VAN,"3,000,000","7,350,000"
Jake McCabe,CHI,"3,000,000","4,000,000"
Jonathan Quick,LAK,"3,000,000","5,800,000"
Dylan DeMelo,WPG,"3,000,000","3,000,000"
Rasmus Dahlin,BUF,"3,000,000","6,000,000"
Evgeny Kuznetsov,WSH,"3,000,000","7,800,000"
T.J. Oshie,WSH,"3,000,000","5,750,000"
Lars Eller,WSH,"3,000,000","3,500,000"
John Carlson,WSH,"3,000,000","8,000,000"
Craig Smith,BOS,"3,000,000","3,100,000"
Sam Reinhart,FLA,"3,000,000","6,500,000"
MacKenzie Weegar,FLA,"3,000,000","3,250,000"
Morgan Rielly,TOR,"3,000,000","5,000,000"
Denis Gurianov,DAL,"2,900,000","2,550,000"
Ian Cole,CAR,"2,900,000","2,900,000"
Patrick Kane,CHI,"2,900,000","10,500,000"
Jonathan Toews,CHI,"2,900,000","10,500,000"
Blake Coleman,CGY,"2,900,000","4,900,000"
David Savard,MTL,"2,800,000","3,500,000"
Valeri Nichushkin,COL,"2,800,000","2,500,000"
Travis Hamonic,OTT,"2,750,000","3,000,000"
Tomas Tatar,NJD,"2,750,000","4,500,000"
Pius Suter,DET,"2,750,000","3,250,000"
Filip Hronek,DET,"2,700,000","4,400,000"
Alexander Radulov,DAL,"2,650,000","6,250,000"
Alexandar Georgiev,NYR,"2,650,000","2,425,000"
Jordan Greenway,MIN,"2,600,000","2,100,000"
Frank Vatrano,NYR,"2,600,000","2,533,333"
Oskar Lindblom,PHI,"2,600,000","3,000,000"
Vladislav Gavrikov,CBJ,"2,550,000","2,800,000"
Drake Batherson,OTT,"2,500,000","4,975,000"
Joel Edmundson,MTL,"2,500,000","3,500,000"
Ethan Bear,CAR,"2,500,000","2,000,000"
Jack Roslovic,CBJ,"2,500,000","1,838,362"
Tanner Pearson,VAN,"2,500,000","3,250,000"
Thatcher Demko,VAN,"2,500,000","5,000,000"
Player,Tm,Salary,Cap Hit
Adrian Kempe,LAK,"2,500,000","2,000,000"
Alex Nedeljkovic,DET,"2,500,000","3,000,000"
Adam Lowry,WPG,"2,500,000","3,250,000"
Cody Eakin,BUF,"2,500,000","2,250,000"
Nick Jensen,WSH,"2,500,000","2,500,000"
Cal Clutterbuck,NYI,"2,500,000","3,500,000"
Casey Cizikas,NYI,"2,500,000","2,500,000"
Zack Kassian,EDM,"2,500,000","3,200,000"
Brad Marchand,BOS,"2,500,000","6,125,000"
Brandon Carlo,BOS,"2,500,000","4,100,000"
Radko Gudas,FLA,"2,500,000","2,500,000"
William Nylander,TOR,"2,500,000","6,962,366"
Rickard Rakell,PIT,"2,470,000","2,463,139"
Andrew Mangiapane,CGY,"2,450,000","2,425,000"
Jordan Kyrou,STL,"2,400,000","2,800,000"
Robert Thomas,STL,"2,400,000","2,800,000"
Dante Fabbro,NSH,"2,400,000","2,400,000"
Casey Mittelstadt,BUF,"2,400,000","2,500,000"
Henri Jokiharju,BUF,"2,400,000","2,500,000"
Luke Kunin,NSH,"2,300,000","2,300,000"
Dmitry Kulikov,MIN,"2,250,000","2,250,000"
Erik Haula,BOS,"2,250,000","2,375,000"
Josh Manson,COL,"2,225,000","2,050,000"
Tyler Pitlick,MTL,"2,200,000","1,750,000"
Troy Stecher,LAK,"2,200,000","1,700,000"
Zemgus Girgensons,BUF,"2,200,000","2,200,000"
Dillon Dube,CGY,"2,200,000","2,300,000"
Ilya Mikheyev,TOR,"2,190,000","1,645,000"
Milan Lucic,CGY,"2,187,500","5,250,000"
Ryan Reaves,NYR,"2,125,000","1,750,000"
Marcus Foligno,MIN,"2,100,000","3,100,000"
Warren Foegele,EDM,"2,100,000","2,750,000"
Duncan Keith,EDM,"2,100,000","5,538,462"
Nick Bonino,SJS,"2,050,000","2,050,000"
P.K. Subban,NJD,"2,000,000","9,000,000"
Joel Armia,MTL,"2,000,000","3,400,000"
Jake Allen,MTL,"2,000,000","2,875,000"
Nazem Kadri,COL,"2,000,000","4,500,000"
Ryan Murray,COL,"2,000,000","2,000,000"
Miro Heiskanen,DAL,"2,000,000","8,450,000"
Jesper Fast,CAR,"2,000,000","2,000,000"
Nick Cousins,NSH,"2,000,000","1,500,000"
Mark Borowiecki,NSH,"2,000,000","2,000,000"
Dean Kukan,CBJ,"2,000,000","1,650,000"
Tyler Myers,VAN,"2,000,000","6,000,000"
Mattias Janmark,VEG,"2,000,000","2,000,000"
Alex Pietrangelo,VEG,"2,000,000","8,800,000"
Brayden McNabb,VEG,"2,000,000","2,500,000"
Marc Staal,DET,"2,000,000","2,000,000"
Filip Chytil,NYR,"2,000,000","2,300,000"
Player,Tm,Salary,Cap Hit
Jacob Trouba,NYR,"2,000,000","8,000,000"
Ryan Lindgren,NYR,"2,000,000","3,000,000"
Igor Shesterkin,NYR,"2,000,000","5,666,667"
Kyle Okposo,BUF,"2,000,000","6,000,000"
Ilya Samsonov,WSH,"2,000,000","2,000,000"
Teddy Blueger,PIT,"2,000,000","2,200,000"
Cody Ceci,EDM,"2,000,000","3,250,000"
Martin Jones,PHI,"2,000,000","2,000,000"
Derek Forbort,BOS,"2,000,000","3,000,000"
Mike Reilly,BOS,"2,000,000","3,000,000"
Claude Giroux,FLA,"2,000,000","4,137,500"
Justin Holl,TOR,"2,000,000","2,000,000"
"Sanford, Zachary",WPG,"2,000,000","2,000,000"
Andrei Svechnikov,CAR,"1,999,963","7,750,000"
Radim Simek,SJS,"1,950,000","2,250,000"
Erik Cernak,TBL,"1,950,000","2,950,000"
Erik Gudbranson,CGY,"1,950,000","1,950,000"
Sam Bennett,FLA,"1,925,000","4,425,000"
Ivan Barbashev,STL,"1,900,000","2,250,000"
Jake Bean,CBJ,"1,900,000","2,333,333"
Alexander Edler,LAK,"1,900,000","3,500,000"
Mike Smith,EDM,"1,900,000","2,200,000"
Sonny Milano,ANA,"1,800,000","1,700,000"
Adam Erne,DET,"1,800,000","2,100,000"
Justin Braun,NYR,"1,800,000","1,800,000"
Jack Campbell,TOR,"1,800,000","1,650,000"
Artem Zub,OTT,"1,750,000","2,500,000"
Michael Del Zotto,OTT,"1,750,000","2,000,000"
Tyson Jost,MIN,"1,750,000","2,000,000"
Lawson Crouse,ARI,"1,750,000","1,533,333"
James Reimer,SJS,"1,750,000","2,250,000"
Antti Raanta,CAR,"1,750,000","2,000,000"
John Marino,PIT,"1,750,000","4,400,000"
Scott Mayfield,NYI,"1,750,000","1,450,000"
Zach Aston-Reese,ANA,"1,725,000","1,725,000"
Pavel Francouz,COL,"1,700,000","2,000,000"
Jan Rutta,TBL,"1,700,000","1,300,000"
Robert Hagg,FLA,"1,700,000","1,600,000"
Adin Hill,SJS,"1,675,000","2,175,000"
Yegor Sharangovich,NJD,"1,650,000","2,000,000"
Anders Bjork,BUF,"1,600,000","1,600,000"
Zach Hyman,EDM,"1,550,000","5,500,000"
"Comtois, Maxime",ANA,"1,525,000","2,037,500"
Austin Watson,OTT,"1,500,000","1,500,000"
Janne Kuokkanen,NJD,"1,500,000","1,825,000"
Luke Glendening,DAL,"1,500,000","1,500,000"
Andrej Sekera,DAL,"1,500,000","1,500,000"
Max Domi,CAR,"1,500,000","1,325,000"
Sean Kuraly,CBJ,"1,500,000","2,500,000"
Derek Grant,ANA,"1,500,000","1,500,000"
Player,Tm,Salary,Cap Hit
Trevor Moore,LAK,"1,500,000","1,875,000"
Patrik Nemeth,NYR,"1,500,000","2,500,000"
Casey DeSmith,PIT,"1,500,000","1,250,000"
Matt Martin,NYI,"1,500,000","1,500,000"
Josh Archibald,EDM,"1,500,000","1,500,000"
Tomas Nosek,BOS,"1,500,000","1,750,000"
Anthony Duclair,FLA,"1,500,000","3,000,000"
Noel Acciari,FLA,"1,500,000","1,666,667"
Gustav Forsling,FLA,"1,500,000","2,666,667"
Eeli Tolvanen,NSH,"1,450,000","1,450,000"
Troy Terry,ANA,"1,450,000","1,450,000"
Tyler Motte,NYR,"1,450,000","1,225,000"
Jesse Puljujarvi,EDM,"1,450,000","1,175,000"
Nick Holden,OTT,"1,400,000","1,700,000"
Tage Thompson,BUF,"1,400,000","1,400,000"
David Kampf,TOR,"1,400,000","1,500,000"
"Brown, Joshua",BOS,"1,400,000","1,200,000"
Robert Bortuzzo,STL,"1,375,000","1,375,000"
Derek Stepan,CAR,"1,350,000","1,350,000"
Riley Stillman,CHI,"1,350,000","1,350,000"
Ilya Lyubushkin,TOR,"1,350,000","1,350,000"
Dmitry Orlov,WSH,"1,300,000","5,100,000"
Rudolfs Balcers,SJS,"1,250,000","1,550,000"
Vladislav Namestnikov,DAL,"1,250,000","1,000,000"
David Rittich,NSH,"1,250,000","1,250,000"
Travis Dermott,VAN,"1,250,000","1,500,000"
Jordan Oesterle,DET,"1,250,000","1,350,000"
Conor Sheary,WSH,"1,250,000","1,500,000"
Derek Ryan,EDM,"1,250,000","1,250,000"
Kris Russell,EDM,"1,250,000","1,250,000"
Ben Chiarot,FLA,"1,250,000","1,750,000"
Pierre Engvall,TOR,"1,250,000","1,250,000"
Nicolas Aube-Kubel,COL,"1,225,000","1,075,000"
Victor Mete,OTT,"1,200,000","1,200,000"
Jay Beagle,ARI,"1,200,000","3,000,000"
Kailer Yamamoto,EDM,"1,175,000","1,175,000"
Artturi Lehkonen,COL,"1,150,000","1,150,000"
Christian Fischer,ARI,"1,125,875","1,000,000"
Dylan Gambrell,OTT,"1,100,000","1,100,000"
Ryan Hartman,MIN,"1,100,000","1,700,000"
Michael Raffl,DAL,"1,100,000","1,100,000"
Collin Delia,CHI,"1,100,000","1,000,000"
William Carrier,VEG,"1,100,000","1,400,000"
Brenden Dillon,WPG,"1,100,000","3,900,000"
Danton Heinen,PIT,"1,100,000","1,100,000"
Brett Kulak,EDM,"1,100,000","925,000"
Carter Verhaeghe,FLA,"1,100,000","1,000,000"
Jonas Siegenthaler,NJD,"1,050,000","1,125,000"
Vinnie Hinostroza,BUF,"1,050,000","1,050,000"
Frederick Gaudreau,MIN,"1,000,000","1,200,000"
Player,Tm,Salary,Cap Hit
Nicolas Deslauriers,MIN,"1,000,000","1,000,000"
Shayne Gostisbehere,ARI,"1,000,000","4,500,000"
Darren Helm,COL,"1,000,000","1,000,000"
Jamie Benn,DAL,"1,000,000","9,500,000"
Ryan Suter,DAL,"1,000,000","3,650,000"
Jani Hakanpaa,DAL,"1,000,000","1,500,000"
Anthony DeAngelo,CAR,"1,000,000","1,000,000"
Nolan Patrick,VEG,"1,000,000","1,200,000"
Michael Rasmussen,DET,"1,000,000","1,460,000"
Artemi Panarin,NYR,"1,000,000","11,642,857"
Alex Ovechkin,WSH,"1,000,000","9,500,000"
Michal Kempny,WSH,"1,000,000","2,500,000"
Jeff Carter,PIT,"1,000,000","2,636,364"
Evan Rodrigues,PIT,"1,000,000","1,000,000"
Ross Johnston,NYI,"1,000,000","1,000,000"
Connor McDavid,EDM,"1,000,000","12,500,000"
Steven Stamkos,TBL,"1,000,000","8,500,000"
Brandon Hagel,TBL,"1,000,000","1,500,000"
Ross Colton,TBL,"1,000,000","1,125,000"
Andrei Vasilevskiy,TBL,"1,000,000","9,500,000"
Calle Jarnkrok,CGY,"1,000,000","1,000,000"
"O'Reilly, Ryan",STL,"1,000,000","7,500,000"
"Benning, Matthew",NSH,"1,000,000","1,000,000"
"Petersen, Cal",LAK,"1,000,000","858,333"
"Maroon, Patrick",TBL,"1,000,000","900,000"
Adam Gaudette,OTT,"997,500","997,500"
Eric Robinson,CBJ,"975,000","975,000"
Maxim Mamin,FLA,"975,000","975,000"
Michael McLeod,NJD,"950,000","975,000"
Mathieu Perreault,MTL,"950,000","950,000"
Anthony Stolarz,ANA,"950,000","950,000"
Zack MacEwen,PHI,"950,000","825,000"
Trent Frederic,BOS,"950,000","1,050,000"
"York, Cam",PHI,"925,000","880,833"
Rem Pitlick,MTL,"917,831","917,831"
John Tavares,TOR,"910,000","11,000,000"
Tyler Ennis,OTT,"900,000","900,000"
Anton Forsberg,OTT,"900,000","900,000"
Nick Bjugstad,MIN,"900,000","900,000"
Jordie Benn,MIN,"900,000","900,000"
Kurtis MacDermid,COL,"900,000","875,000"
Alexander Barabanov,SJS,"900,000","1,000,000"
Joel Kiviranta,DAL,"900,000","1,050,000"
Jordan Martinook,CAR,"900,000","1,800,000"
Mackenzie MacEachern,STL,"900,000","900,000"
Jeremy Lauzon,NSH,"900,000","850,000"
Henrik Borgström,CHI,"900,000","1,000,000"
Caleb Jones,CHI,"900,000","850,000"
Mason Appleton,WPG,"900,000","900,000"
Mark Pysyk,BUF,"900,000","900,000"
Player,Tm,Salary,Cap Hit
Keith Yandle,PHI,"900,000","900,000"
Connor Clifton,BOS,"900,000","1,000,000"
Brian Elliott,TBL,"900,000","900,000"
Brett Ritchie,CGY,"900,000","900,000"
Brett Howden,VEG,"885,000","885,000"
Sam Steel,ANA,"874,125","874,125"
Isac Lundestrom,ANA,"874,125","874,125"
Lias Andersson,LAK,"874,125","874,125"
Libor Hajek,NYR,"874,125","874,125"
Phil Kessel,ARI,"850,000","6,800,000"
Kyle Capobianco,ARI,"850,000","775,000"
Kevin Lankinen,CHI,"850,000","800,000"
Sam Gagner,DET,"850,000","850,000"
"Merrill, Jon",MIN,"850,000","850,000"
"Nieto, Matt",SJS,"850,000","850,000"
Joshua Norris,OTT,"832,500","925,000"
Tim Stützle,OTT,"832,500","925,000"
Jake Sanderson,OTT,"832,500","925,000"
Erik Brannstrom,OTT,"832,500","863,333"
Jesper Boqvist,NJD,"832,500","925,000"
Jack Hughes,NJD,"832,500","925,000"
Dawson Mercer,NJD,"832,500","894,167"
Ty Smith,NJD,"832,500","863,333"
Barrett Hayton,ARI,"832,500","894,167"
Jesse Ylönen,MTL,"832,500","880,833"
Cole Caufield,MTL,"832,500","880,833"
Nick Suzuki,MTL,"832,500","863,333"
Justin Barron,MTL,"832,500","925,000"
Alexander Romanov,MTL,"832,500","894,167"
Alex Newhook,COL,"832,500","908,333"
John Leonard,SJS,"832,500","925,000"
Jonah Gadjovich,SJS,"832,500","783,333"
Mario Ferraro,SJS,"832,500","925,000"
Ryan Merkley,SJS,"832,500","863,333"
Thomas Harley,DAL,"832,500","863,333"
Jake Oettinger,DAL,"832,500","925,000"
Seth Jarvis,CAR,"832,500","894,167"
Martin Necas,CAR,"832,500","863,333"
Philip Tomasino,NSH,"832,500","863,333"
Emil Bemstrom,CBJ,"832,500","925,000"
Cole Sillinger,CBJ,"832,500","925,000"
Yegor Chinakhov,CBJ,"832,500","925,000"
Adam Boqvist,CBJ,"832,500","894,167"
Trevor Zegras,ANA,"832,500","925,000"
Jamie Drysdale,ANA,"832,500","925,000"
Urho Vaakanainen,ANA,"832,500","894,167"
Vasily Podkolzin,VAN,"832,500","925,000"
Kirby Dach,CHI,"832,500","925,000"
Reese Johnson,CHI,"832,500","880,833"
Nicolas Hague,VEG,"832,500","791,667"
Player,Tm,Salary,Cap Hit
Gabriel Vilardi,LAK,"832,500","894,167"
Arthur Kaliyev,LAK,"832,500","894,167"
Quinton Byfield,LAK,"832,500","894,167"
Rasmus Kupari,LAK,"832,500","863,333"
Tobias Bjornfot,LAK,"832,500","894,167"
Lucas Raymond,DET,"832,500","925,000"
Filip Zadina,DET,"832,500","894,167"
Moritz Seider,DET,"832,500","863,333"
Alexis Lafreniere,NYR,"832,500","925,000"
Adam Fox,NYR,"832,500","925,000"
K'Andre Miller,NYR,"832,500","925,000"
Braden Schneider,NYR,"832,500","925,000"
Morgan Barron,WPG,"832,500","925,000"
Dylan Cozens,BUF,"832,500","894,167"
Peyton Krebs,BUF,"832,500","863,333"
Mattias Samuelsson,BUF,"832,500","925,000"
Jacob Bryson,BUF,"832,500","889,166"
Connor McMichael,WSH,"832,500","863,333"
Oliver Wahlstrom,NYI,"832,500","894,167"
Noah Dobson,NYI,"832,500","894,167"
Evan Bouchard,EDM,"832,500","863,333"
Noah Cates,PHI,"832,500","925,000"
Joel Farabee,PHI,"832,500","925,000"
Owen Tippett,PHI,"832,500","863,333"
Morgan Frost,PHI,"832,500","863,333"
Jeremy Swayman,BOS,"832,500","925,000"
Anton Lundell,FLA,"832,500","925,000"
Eetu Luostarinen,FLA,"832,500","897,500"
Spencer Knight,FLA,"832,500","925,000"
Timothy Liljegren,TOR,"832,500","863,333"
"Boldy, Matthew",MIN,"832,500","880,833"
"Veleno, Joseph",DET,"832,500","894,167"
"Paul, Nicholas",TBL,"832,500","749,250"
Scott Wedgewood,DAL,"825,000","825,000"
Alex Vlasic,CHI,"807,500","916,667"
Jimmy Vesey,NJD,"800,000","800,000"
Jake Evans,MTL,"800,000","750,000"
Brendan Smith,CAR,"800,000","800,000"
Ben Harpur,NSH,"800,000","800,000"
Gerald Mayhew,ANA,"800,000","800,000"
Brad Richardson,VAN,"800,000","800,000"
Luke Schenn,VAN,"800,000","850,000"
Brad Hunt,VAN,"800,000","800,000"
Philipp Kurashev,CHI,"800,000","842,500"
Mackenzie Entwistle,CHI,"800,000","811,667"
Sam Lafferty,CHI,"800,000","750,000"
Erik Gustafsson,CHI,"800,000","800,000"
Blake Lizotte,LAK,"800,000","800,000"
Logan Stanley,WPG,"800,000","900,000"
Garnet Hathaway,WSH,"800,000","1,500,000"
Player,Tm,Salary,Cap Hit
Nic Dowd,WSH,"800,000","750,000"
Kasperi Kapanen,PIT,"800,000","3,200,000"
Nate Thompson,PHI,"800,000","800,000"
Kevin Connauton,PHI,"800,000","825,000"
Curtis Lazar,BOS,"800,000","800,000"
Mason Marchment,FLA,"800,000","800,000"
Ryan Carpenter,CGY,"800,000","1,000,000"
Trevor Lewis,CGY,"800,000","800,000"
Niko Mikkola,STL,"787,500","787,500"
Mathieu Joseph,OTT,"775,000","737,500"
Nathan Bastian,NJD,"775,000","825,000"
Julien Gauthier,NYR,"775,000","775,000"
Rasmus Asplund,BUF,"775,000","825,000"
Ryan McLeod,EDM,"775,000","834,167"
Jack Studnicka,BOS,"775,000","769,167"
Austin Strand,LAK,"771,750","771,750"
"Abruzzese, Nick",TOR,"765,000","850,000"
Kale Clague,MTL,"761,250","761,250"
Alex Formenton,OTT,"750,000","747,500"
Andreas Johnsson,NJD,"750,000","3,400,000"
Dougie Hamilton,NJD,"750,000","9,000,000"
Colton White,NJD,"750,000","750,000"
Mason Geertsen,NJD,"750,000","725,000"
Nico Daws,NJD,"750,000","850,833"
Andrew Hammond,NJD,"750,000","750,000"
Jon Gillies,NJD,"750,000","750,000"
Brandon Duhaime,MIN,"750,000","750,000"
Jacob Middleton,MIN,"750,000","725,000"
Jack McBain,ARI,"750,000","883,750"
Matias Maccelli,ARI,"750,000","853,333"
Alex Galchenyuk,ARI,"750,000","750,000"
Travis Boyd,ARI,"750,000","750,000"
Michael Carcone,ARI,"750,000","750,000"
Janis Moser,ARI,"750,000","886,667"
Vladislav Kolyachonok,ARI,"750,000","789,167"
Dysin Mayo,ARI,"750,000","750,000"
Cam Dineen,ARI,"750,000","750,000"
Karel Vejmelka,ARI,"750,000","842,500"
Harri Sateri,ARI,"750,000","750,000"
Laurent Dauphin,MTL,"750,000","750,000"
Michael Pezzetta,MTL,"750,000","750,000"
Ryan Poehling,MTL,"750,000","750,000"
Jordan Harris,MTL,"750,000","842,500"
Chris Wideman,MTL,"750,000","750,000"
Corey Schueneman,MTL,"750,000","750,000"
William Lagesson,MTL,"750,000","725,000"
Logan O'Connor,COL,"750,000","725,000"
Nico Sturm,COL,"750,000","725,000"
Jack Johnson,COL,"750,000","750,000"
Scott Reedy,SJS,"750,000","842,500"
Player,Tm,Salary,Cap Hit
Noah Gregor,SJS,"750,000","750,000"
Jonathan Dahlen,SJS,"750,000","750,000"
Jeffrey Viel,SJS,"750,000","750,000"
Jaycob Megna,SJS,"750,000","750,000"
Nicolas Meloche,SJS,"750,000","750,000"
Kaapo Kahkonen,SJS,"750,000","725,000"
Jacob Peterson,DAL,"750,000","842,500"
Jason Robertson,DAL,"750,000","795,000"
Marian Studenic,DAL,"750,000","750,000"
Joel Hanley,DAL,"750,000","750,000"
Steven Lorentz,CAR,"750,000","725,000"
Nathan Walker,STL,"750,000","750,000"
Logan Brown,STL,"750,000","750,000"
Calle Rosen,STL,"750,000","750,000"
Ville Husso,STL,"750,000","750,000"
Tanner Jeannot,NSH,"750,000","800,000"
Michael McCarron,NSH,"750,000","750,000"
Matt Luff,NSH,"750,000","750,000"
Yakov Trenin,NSH,"750,000","725,000"
Roman Josi,NSH,"750,000","9,059,000"
Matt Tennyson,NSH,"750,000","750,000"
Jeremy Davies,NSH,"750,000","750,000"
Alexandre Carrier,NSH,"750,000","733,333"
Brendan Gaunce,CBJ,"750,000","750,000"
Justin Danforth,CBJ,"750,000","750,000"
Andrew Peeke,CBJ,"750,000","787,500"
Gavin Bayreuther,CBJ,"750,000","750,000"
Gabriel Carlsson,CBJ,"750,000","725,000"
Sam Carrick,ANA,"750,000","750,000"
Dominik Simon,ANA,"750,000","750,000"
Vinni Lettieri,ANA,"750,000","750,000"
Simon Benoit,ANA,"750,000","809,166"
Andrej Sustr,ANA,"750,000","750,000"
Josh Mahura,ANA,"750,000","750,000"
Alex Chiasson,VAN,"750,000","750,000"
Juho Lammikko,VAN,"750,000","750,000"
Matthew Highmore,VAN,"750,000","725,000"
Jaroslav Halak,VAN,"750,000","1,500,000"
Taylor Raddysh,CHI,"750,000","758,333"
Boris Katchouk,CHI,"750,000","758,333"
Nicolas Roy,VEG,"750,000","750,000"
Michael Amadio,VEG,"750,000","750,000"
Keegan Kolesar,VEG,"750,000","725,000"
Dylan Coghlan,VEG,"750,000","762,500"
Ben Hutton,VEG,"750,000","750,000"
Zach Whitecloud,VEG,"750,000","725,000"
Laurent Brossoit,VEG,"750,000","2,325,000"
Phillip Danault,LAK,"750,000","5,500,000"
Carl Grundstrom,LAK,"750,000","725,000"
Jordan Spence,LAK,"750,000","820,000"
Player,Tm,Salary,Cap Hit
Sean Durzi,LAK,"750,000","809,166"
Jacob Moverare,LAK,"750,000","750,000"
Givani Smith,DET,"750,000","750,000"
Gustav Lindstrom,DET,"750,000","850,000"
Olli Juolevi,DET,"750,000","750,000"
Jake Walman,DET,"750,000","725,000"
Barclay Goodrow,NYR,"750,000","3,641,667"
Dryden Hunt,NYR,"750,000","762,500"
Greg McKegg,NYR,"750,000","750,000"
Jonny Brodzinski,NYR,"750,000","750,000"
Evgeny Svechnikov,WPG,"750,000","750,000"
Dominic Toninato,WPG,"750,000","750,000"
Jansen Harkins,WPG,"750,000","725,000"
Adam Brooks,WPG,"750,000","725,000"
Eric Comrie,WPG,"750,000","750,000"
John Hayden,BUF,"750,000","750,000"
Casey Fitzgerald,BUF,"750,000","750,000"
Craig Anderson,BUF,"750,000","750,000"
Dustin Tokarski,BUF,"750,000","725,000"
Marcus Johansson,WSH,"750,000","750,000"
Martin Fehervary,WSH,"750,000","791,667"
Matt Irwin,WSH,"750,000","750,000"
Vitek Vanecek,WSH,"750,000","716,667"
Brian Boyle,PIT,"750,000","750,000"
Radim Zohorna,PIT,"750,000","750,000"
Anthony Angello,PIT,"750,000","725,000"
Chad Ruhwedel,PIT,"750,000","750,000"
Mark Friedman,PIT,"750,000","725,000"
Zach Parise,NYI,"750,000","750,000"
Kieffer Bellows,NYI,"750,000","750,000"
Zdeno Chara,NYI,"750,000","750,000"
Andy Greene,NYI,"750,000","750,000"
Sebastian Aho,NYI,"750,000","725,000"
Evander Kane,EDM,"750,000","2,108,696"
Devin Shore,EDM,"750,000","850,000"
Patrick Brown,PHI,"750,000","750,000"
Hayden Hodgson,PHI,"750,000","750,000"
Nick Seeler,PHI,"750,000","750,000"
Anton Blidh,BOS,"750,000","750,000"
Corey Perry,TBL,"750,000","1,000,000"
Pierre-Edouard Bellemare,TBL,"750,000","1,000,000"
Zach Bogosian,TBL,"750,000","850,000"
Joe Thornton,FLA,"750,000","750,000"
Ryan Lomberg,FLA,"750,000","725,000"
Brandon Montour,FLA,"750,000","3,500,000"
Petteri Lindbohm,FLA,"750,000","750,000"
Lucas Carlsson,FLA,"750,000","750,000"
Auston Matthews,TOR,"750,000","11,640,250"
Mitch Marner,TOR,"750,000","10,903,000"
Alexander Kerfoot,TOR,"750,000","3,500,000"
Player,Tm,Salary,Cap Hit
Michael Bunting,TOR,"750,000","950,000"
Wayne Simmonds,TOR,"750,000","900,000"
Jason Spezza,TOR,"750,000","750,000"
Colin Blackwell,TOR,"750,000","725,000"
Connor Mackey,CGY,"750,000","912,500"
Michael Stone,CGY,"750,000","750,000"
Oliver Kylington,CGY,"750,000","750,000"
Daniel Vladar,CGY,"750,000","750,000"
"Montembeault, Samuel",MTL,"750,000","750,000"
"Chmelevski, Alexander",SJS,"750,000","778,333"
"Aho, Sebastian",CAR,"750,000","8,460,250"
"Toropchenko, Alexei",STL,"750,000","775,000"
"Petan, Nicolas",VAN,"750,000","750,000"
"Jonsson-Fjällby, Axel",WSH,"750,000","750,000"
"Attard, Ronnie",PHI,"750,000","883,750"
"Foote, Cal",TBL,"750,000","850,000"
Andrew Cogliano,COL,"500,000","500,000"
Derick Brassard,EDM,"412,500","412,500"